Dijon,Dijon@gmail.com,12345678
Kory,Kory@gmail.com,12345678
Lilly,Lilly@gmail.com,12345678
Marley,Marley@gmail.com,12345678
Amie,Amie@gmail.com,12345678
Alison,Alison@gmail.com,12345678
Menachem,Menachem@gmail.com,12345678
Sky,Sky@gmail.com,12345678
Rayshawn,Rayshawn@gmail.com,12345678
Mario,Mario@gmail.com,12345678
Franchesca,Franchesca@gmail.com,12345678
Tyra,Tyra@gmail.com,12345678
Serina,Serina@gmail.com,12345678
Isaias,Isaias@gmail.com,12345678
Damien,Damien@gmail.com,12345678
Tracey,Tracey@gmail.com,12345678
Donna,Donna@gmail.com,12345678
Jefferson,Jefferson@gmail.com,12345678
Kathryn,Kathryn@gmail.com,12345678
Shaun,Shaun@gmail.com,12345678
Colin,Colin@gmail.com,12345678
Maira,Maira@gmail.com,12345678
Carlo,Carlo@gmail.com,12345678
Regina,Regina@gmail.com,12345678
Jessica,Jessica@gmail.com,12345678
Eileen,Eileen@gmail.com,12345678
Kassie,Kassie@gmail.com,12345678
Katelyn,Katelyn@gmail.com,12345678
Wyatt,Wyatt@gmail.com,12345678
Charisma,Charisma@gmail.com,12345678
Clinton,Clinton@gmail.com,12345678
Jace,Jace@gmail.com,12345678
Lucy,Lucy@gmail.com,12345678
Kylah,Kylah@gmail.com,12345678
Kole,Kole@gmail.com,12345678
Hugh,Hugh@gmail.com,12345678
Yoselin,Yoselin@gmail.com,12345678
Tyshawn,Tyshawn@gmail.com,12345678
Beatriz,Beatriz@gmail.com,12345678
Phoenix,Phoenix@gmail.com,12345678
Natalee,Natalee@gmail.com,12345678
Skye,Skye@gmail.com,12345678
Axel,Axel@gmail.com,12345678
Jonathan,Jonathan@gmail.com,12345678
Rashad,Rashad@gmail.com,12345678
Deante,Deante@gmail.com,12345678
Brookelyn,Brookelyn@gmail.com,12345678
Angel,Angel@gmail.com,12345678
Dayne,Dayne@gmail.com,12345678
Lionel,Lionel@gmail.com,12345678
Montana,Montana@gmail.com,12345678
Connor,Connor@gmail.com,12345678
Raul,Raul@gmail.com,12345678
Macy,Macy@gmail.com,12345678
Everardo,Everardo@gmail.com,12345678
Shlomo,Shlomo@gmail.com,12345678
Chase,Chase@gmail.com,12345678
Harlie,Harlie@gmail.com,12345678
Tayler,Tayler@gmail.com,12345678
Isha,Isha@gmail.com,12345678
Veronica,Veronica@gmail.com,12345678
Kaylyn,Kaylyn@gmail.com,12345678
Alonzo,Alonzo@gmail.com,12345678
Corbin,Corbin@gmail.com,12345678
Infant,Infant@gmail.com,12345678
Audra,Audra@gmail.com,12345678
Owen,Owen@gmail.com,12345678
Dillon,Dillon@gmail.com,12345678
Michaela,Michaela@gmail.com,12345678
Kylan,Kylan@gmail.com,12345678
Areli,Areli@gmail.com,12345678
Treyton,Treyton@gmail.com,12345678
Mohamed,Mohamed@gmail.com,12345678
Chelsey,Chelsey@gmail.com,12345678
Jania,Jania@gmail.com,12345678
Valerie,Valerie@gmail.com,12345678
Izabella,Izabella@gmail.com,12345678
Chauncey,Chauncey@gmail.com,12345678
Kaliyah,Kaliyah@gmail.com,12345678
Analisa,Analisa@gmail.com,12345678
Layton,Layton@gmail.com,12345678
Darwin,Darwin@gmail.com,12345678
Yahaira,Yahaira@gmail.com,12345678
Kyra,Kyra@gmail.com,12345678
Byron,Byron@gmail.com,12345678
Maranda,Maranda@gmail.com,12345678
Jeffery,Jeffery@gmail.com,12345678
Jedidiah,Jedidiah@gmail.com,12345678
Johnson,Johnson@gmail.com,12345678
Quintin,Quintin@gmail.com,12345678
Danyelle,Danyelle@gmail.com,12345678
Stacey,Stacey@gmail.com,12345678
Laura,Laura@gmail.com,12345678
Trisha,Trisha@gmail.com,12345678
Frances,Frances@gmail.com,12345678
Franklin,Franklin@gmail.com,12345678
Javen,Javen@gmail.com,12345678
Neha,Neha@gmail.com,12345678
Breann,Breann@gmail.com,12345678
Nicolas,Nicolas@gmail.com,12345678
Jean,Jean@gmail.com,12345678
Dakotah,Dakotah@gmail.com,12345678
Cecelia,Cecelia@gmail.com,12345678
Pierce,Pierce@gmail.com,12345678
Lyric,Lyric@gmail.com,12345678
Allie,Allie@gmail.com,12345678
Marisa,Marisa@gmail.com,12345678
Xavier,Xavier@gmail.com,12345678
Iris,Iris@gmail.com,12345678
Sean,Sean@gmail.com,12345678
Irene,Irene@gmail.com,12345678
Isabelle,Isabelle@gmail.com,12345678
Kaylynn,Kaylynn@gmail.com,12345678
Dillan,Dillan@gmail.com,12345678
Jaden,Jaden@gmail.com,12345678
Daysha,Daysha@gmail.com,12345678
Leigh,Leigh@gmail.com,12345678
Araceli,Araceli@gmail.com,12345678
Harold,Harold@gmail.com,12345678
Kiah,Kiah@gmail.com,12345678
Daren,Daren@gmail.com,12345678
Natali,Natali@gmail.com,12345678
Kerrigan,Kerrigan@gmail.com,12345678
Justine,Justine@gmail.com,12345678
Liliana,Liliana@gmail.com,12345678
Daniel,Daniel@gmail.com,12345678
Starr,Starr@gmail.com,12345678
Montserrat,Montserrat@gmail.com,12345678
Mitchel,Mitchel@gmail.com,12345678
Brice,Brice@gmail.com,12345678
Monika,Monika@gmail.com,12345678
Katerina,Katerina@gmail.com,12345678
Jarvis,Jarvis@gmail.com,12345678
Britney,Britney@gmail.com,12345678
Humberto,Humberto@gmail.com,12345678
Isabell,Isabell@gmail.com,12345678
Ryan,Ryan@gmail.com,12345678
Syed,Syed@gmail.com,12345678
Rudy,Rudy@gmail.com,12345678
Mckayla,Mckayla@gmail.com,12345678
Shanna,Shanna@gmail.com,12345678
Alexis,Alexis@gmail.com,12345678
Brody,Brody@gmail.com,12345678
Imari,Imari@gmail.com,12345678
Tonya,Tonya@gmail.com,12345678
Latavia,Latavia@gmail.com,12345678
Triston,Triston@gmail.com,12345678
Katharine,Katharine@gmail.com,12345678
Ronald,Ronald@gmail.com,12345678
Kristian,Kristian@gmail.com,12345678
Krystal,Krystal@gmail.com,12345678
Colleen,Colleen@gmail.com,12345678
Jelani,Jelani@gmail.com,12345678
Gino,Gino@gmail.com,12345678
Mauricio,Mauricio@gmail.com,12345678
Ian,Ian@gmail.com,12345678
Rayne,Rayne@gmail.com,12345678
Deondre,Deondre@gmail.com,12345678
Briley,Briley@gmail.com,12345678
Rocky,Rocky@gmail.com,12345678
Cristofer,Cristofer@gmail.com,12345678
Maia,Maia@gmail.com,12345678
Beyonce,Beyonce@gmail.com,12345678
Blaine,Blaine@gmail.com,12345678
Jayde,Jayde@gmail.com,12345678
Farrah,Farrah@gmail.com,12345678
Adrien,Adrien@gmail.com,12345678
Mark,Mark@gmail.com,12345678
Madisen,Madisen@gmail.com,12345678
Tomas,Tomas@gmail.com,12345678
Shamya,Shamya@gmail.com,12345678
Tionne,Tionne@gmail.com,12345678
Kiarra,Kiarra@gmail.com,12345678
Serena,Serena@gmail.com,12345678
Sahara,Sahara@gmail.com,12345678
Dominic,Dominic@gmail.com,12345678
Dennis,Dennis@gmail.com,12345678
Bobbie,Bobbie@gmail.com,12345678
Brennon,Brennon@gmail.com,12345678
Anisa,Anisa@gmail.com,12345678
Irvin,Irvin@gmail.com,12345678
Bennett,Bennett@gmail.com,12345678
Bailey,Bailey@gmail.com,12345678
Lucas,Lucas@gmail.com,12345678
Travon,Travon@gmail.com,12345678
Donavon,Donavon@gmail.com,12345678
Emilia,Emilia@gmail.com,12345678
Jaeden,Jaeden@gmail.com,12345678
Lonnie,Lonnie@gmail.com,12345678
Oriana,Oriana@gmail.com,12345678
Jade,Jade@gmail.com,12345678
Keisha,Keisha@gmail.com,12345678
Tyrell,Tyrell@gmail.com,12345678
Fidel,Fidel@gmail.com,12345678
Jamir,Jamir@gmail.com,12345678
Kaila,Kaila@gmail.com,12345678
Eliana,Eliana@gmail.com,12345678
Halie,Halie@gmail.com,12345678
Houston,Houston@gmail.com,12345678
Walter,Walter@gmail.com,12345678
Jaycob,Jaycob@gmail.com,12345678
Skyler,Skyler@gmail.com,12345678
Ross,Ross@gmail.com,12345678
Edmund,Edmund@gmail.com,12345678
Darian,Darian@gmail.com,12345678
Lori,Lori@gmail.com,12345678
Danielle,Danielle@gmail.com,12345678
Calista,Calista@gmail.com,12345678
Lukas,Lukas@gmail.com,12345678
Roberto,Roberto@gmail.com,12345678
Vaughn,Vaughn@gmail.com,12345678
Lynn,Lynn@gmail.com,12345678
Jocelyn,Jocelyn@gmail.com,12345678
Eve,Eve@gmail.com,12345678
Jazlyn,Jazlyn@gmail.com,12345678
Alvaro,Alvaro@gmail.com,12345678
Obed,Obed@gmail.com,12345678
Maryam,Maryam@gmail.com,12345678
Kiera,Kiera@gmail.com,12345678
Symone,Symone@gmail.com,12345678
Joel,Joel@gmail.com,12345678
Zachery,Zachery@gmail.com,12345678
Trent,Trent@gmail.com,12345678
Logan,Logan@gmail.com,12345678
Auston,Auston@gmail.com,12345678
Leia,Leia@gmail.com,12345678
Jacklyn,Jacklyn@gmail.com,12345678
Jaquez,Jaquez@gmail.com,12345678
Jonatan,Jonatan@gmail.com,12345678
Genevieve,Genevieve@gmail.com,12345678
Kya,Kya@gmail.com,12345678
Athena,Athena@gmail.com,12345678
Miya,Miya@gmail.com,12345678
Asha,Asha@gmail.com,12345678
Raquel,Raquel@gmail.com,12345678
Coleton,Coleton@gmail.com,12345678
Milo,Milo@gmail.com,12345678
Payton,Payton@gmail.com,12345678
Darin,Darin@gmail.com,12345678
Leigha,Leigha@gmail.com,12345678
Annabel,Annabel@gmail.com,12345678
Todd,Todd@gmail.com,12345678
Duane,Duane@gmail.com,12345678
Frank,Frank@gmail.com,12345678
Keri,Keri@gmail.com,12345678
Nicolle,Nicolle@gmail.com,12345678
Laney,Laney@gmail.com,12345678
Kathy,Kathy@gmail.com,12345678
Kaia,Kaia@gmail.com,12345678
Ayana,Ayana@gmail.com,12345678
Karla,Karla@gmail.com,12345678
Nathanael,Nathanael@gmail.com,12345678
Ray,Ray@gmail.com,12345678
Jaret,Jaret@gmail.com,12345678
Kamren,Kamren@gmail.com,12345678
Alayna,Alayna@gmail.com,12345678
Amani,Amani@gmail.com,12345678
Katrina,Katrina@gmail.com,12345678
Tevin,Tevin@gmail.com,12345678
Rivka,Rivka@gmail.com,12345678
Aracely,Aracely@gmail.com,12345678
Ameer,Ameer@gmail.com,12345678
Cathy,Cathy@gmail.com,12345678
Laken,Laken@gmail.com,12345678
Jodi,Jodi@gmail.com,12345678
Diana,Diana@gmail.com,12345678
Lincoln,Lincoln@gmail.com,12345678
Derek,Derek@gmail.com,12345678
Sariah,Sariah@gmail.com,12345678
Tyreese,Tyreese@gmail.com,12345678
Brielle,Brielle@gmail.com,12345678
Anders,Anders@gmail.com,12345678
Jayvon,Jayvon@gmail.com,12345678
Candice,Candice@gmail.com,12345678
Irma,Irma@gmail.com,12345678
Yousef,Yousef@gmail.com,12345678
Libby,Libby@gmail.com,12345678
Denis,Denis@gmail.com,12345678
Selena,Selena@gmail.com,12345678
Jericho,Jericho@gmail.com,12345678
Mackenzie,Mackenzie@gmail.com,12345678
Mireya,Mireya@gmail.com,12345678
Johnathon,Johnathon@gmail.com,12345678
Maximiliano,Maximiliano@gmail.com,12345678
Francesca,Francesca@gmail.com,12345678
Harmony,Harmony@gmail.com,12345678
Dajuan,Dajuan@gmail.com,12345678
Gabriella,Gabriella@gmail.com,12345678
Brenna,Brenna@gmail.com,12345678
Jennifer,Jennifer@gmail.com,12345678
Benjamin,Benjamin@gmail.com,12345678
Katy,Katy@gmail.com,12345678
Coby,Coby@gmail.com,12345678
Dwight,Dwight@gmail.com,12345678
Janell,Janell@gmail.com,12345678
Zackary,Zackary@gmail.com,12345678
Lora,Lora@gmail.com,12345678
Jude,Jude@gmail.com,12345678
Cayden,Cayden@gmail.com,12345678
Annalise,Annalise@gmail.com,12345678
Harris,Harris@gmail.com,12345678
Tayla,Tayla@gmail.com,12345678
Unique,Unique@gmail.com,12345678
Ramiro,Ramiro@gmail.com,12345678
Braxton,Braxton@gmail.com,12345678
Giavanna,Giavanna@gmail.com,12345678
Domonique,Domonique@gmail.com,12345678
Seth,Seth@gmail.com,12345678
Tyriq,Tyriq@gmail.com,12345678
Andreas,Andreas@gmail.com,12345678
Nikole,Nikole@gmail.com,12345678
Marisela,Marisela@gmail.com,12345678
Joelle,Joelle@gmail.com,12345678
Alfonso,Alfonso@gmail.com,12345678
Meghan,Meghan@gmail.com,12345678
Colby,Colby@gmail.com,12345678
Marcanthony,Marcanthony@gmail.com,12345678
Mason,Mason@gmail.com,12345678
Cierra,Cierra@gmail.com,12345678
Chaim,Chaim@gmail.com,12345678
Leonardo,Leonardo@gmail.com,12345678
Aldo,Aldo@gmail.com,12345678
Devlin,Devlin@gmail.com,12345678
Mckenzie,Mckenzie@gmail.com,12345678
Dejuan,Dejuan@gmail.com,12345678
Sergio,Sergio@gmail.com,12345678
Lexus,Lexus@gmail.com,12345678
Alexandra,Alexandra@gmail.com,12345678
Zion,Zion@gmail.com,12345678
Hakeem,Hakeem@gmail.com,12345678
Tre,Tre@gmail.com,12345678
Will,Will@gmail.com,12345678
Deisy,Deisy@gmail.com,12345678
Lawrence,Lawrence@gmail.com,12345678
Brennan,Brennan@gmail.com,12345678
Theo,Theo@gmail.com,12345678
Lance,Lance@gmail.com,12345678
Kristal,Kristal@gmail.com,12345678
Brandyn,Brandyn@gmail.com,12345678
Jamel,Jamel@gmail.com,12345678
Ava,Ava@gmail.com,12345678
Brian,Brian@gmail.com,12345678
Casandra,Casandra@gmail.com,12345678
Marcello,Marcello@gmail.com,12345678
Darnell,Darnell@gmail.com,12345678
Kourtney,Kourtney@gmail.com,12345678
Rene,Rene@gmail.com,12345678
Meaghan,Meaghan@gmail.com,12345678
Destini,Destini@gmail.com,12345678
Dixie,Dixie@gmail.com,12345678
Bronson,Bronson@gmail.com,12345678
Ricardo,Ricardo@gmail.com,12345678
Jalil,Jalil@gmail.com,12345678
Enrique,Enrique@gmail.com,12345678
Samantha,Samantha@gmail.com,12345678
Jaci,Jaci@gmail.com,12345678
Miles,Miles@gmail.com,12345678
Brissa,Brissa@gmail.com,12345678
Susana,Susana@gmail.com,12345678
Kyndall,Kyndall@gmail.com,12345678
Raven,Raven@gmail.com,12345678
Emanuel,Emanuel@gmail.com,12345678
Nora,Nora@gmail.com,12345678
Judah,Judah@gmail.com,12345678
Johnpaul,Johnpaul@gmail.com,12345678
Nickolas,Nickolas@gmail.com,12345678
Teresa,Teresa@gmail.com,12345678
Josephine,Josephine@gmail.com,12345678
Stanley,Stanley@gmail.com,12345678
Abram,Abram@gmail.com,12345678
Camron,Camron@gmail.com,12345678
Brisa,Brisa@gmail.com,12345678
Roy,Roy@gmail.com,12345678
German,German@gmail.com,12345678
Lloyd,Lloyd@gmail.com,12345678
Lexie,Lexie@gmail.com,12345678
Daniela,Daniela@gmail.com,12345678
Briar,Briar@gmail.com,12345678
Daniella,Daniella@gmail.com,12345678
Savana,Savana@gmail.com,12345678
Reese,Reese@gmail.com,12345678
Annemarie,Annemarie@gmail.com,12345678
Julissa,Julissa@gmail.com,12345678
Ulises,Ulises@gmail.com,12345678
Mauro,Mauro@gmail.com,12345678
Krysta,Krysta@gmail.com,12345678
Magaly,Magaly@gmail.com,12345678
Ashli,Ashli@gmail.com,12345678
Noel,Noel@gmail.com,12345678
Kelvin,Kelvin@gmail.com,12345678
Christian,Christian@gmail.com,12345678
Lily,Lily@gmail.com,12345678
Neil,Neil@gmail.com,12345678
Reynaldo,Reynaldo@gmail.com,12345678
Leilani,Leilani@gmail.com,12345678
Rylee,Rylee@gmail.com,12345678
Zahra,Zahra@gmail.com,12345678
Baylor,Baylor@gmail.com,12345678
Courtney,Courtney@gmail.com,12345678
Warren,Warren@gmail.com,12345678
Debra,Debra@gmail.com,12345678
Averi,Averi@gmail.com,12345678
Lianna,Lianna@gmail.com,12345678
Mayra,Mayra@gmail.com,12345678
Jeniffer,Jeniffer@gmail.com,12345678
Devonte,Devonte@gmail.com,12345678
Keyon,Keyon@gmail.com,12345678
Ruben,Ruben@gmail.com,12345678
Cheryl,Cheryl@gmail.com,12345678
Jamil,Jamil@gmail.com,12345678
Lexis,Lexis@gmail.com,12345678
Saira,Saira@gmail.com,12345678
Laila,Laila@gmail.com,12345678
Gunner,Gunner@gmail.com,12345678
Tehya,Tehya@gmail.com,12345678
Tanner,Tanner@gmail.com,12345678
Jacob,Jacob@gmail.com,12345678
Giancarlo,Giancarlo@gmail.com,12345678
Janie,Janie@gmail.com,12345678
Carrington,Carrington@gmail.com,12345678
Clay,Clay@gmail.com,12345678
Randy,Randy@gmail.com,12345678
Ronan,Ronan@gmail.com,12345678
Cathryn,Cathryn@gmail.com,12345678
Clarence,Clarence@gmail.com,12345678
Tara,Tara@gmail.com,12345678
Julian,Julian@gmail.com,12345678
Reece,Reece@gmail.com,12345678
Milan,Milan@gmail.com,12345678
Zain,Zain@gmail.com,12345678
Luca,Luca@gmail.com,12345678
Bianca,Bianca@gmail.com,12345678
Derick,Derick@gmail.com,12345678
Lana,Lana@gmail.com,12345678
Charles,Charles@gmail.com,12345678
Delilah,Delilah@gmail.com,12345678
Stevie,Stevie@gmail.com,12345678
Jamie,Jamie@gmail.com,12345678
Yusuf,Yusuf@gmail.com,12345678
Paxton,Paxton@gmail.com,12345678
Amy,Amy@gmail.com,12345678
Jesse,Jesse@gmail.com,12345678
Barrett,Barrett@gmail.com,12345678
Mia,Mia@gmail.com,12345678
Ashley,Ashley@gmail.com,12345678
Rodney,Rodney@gmail.com,12345678
Russell,Russell@gmail.com,12345678
Caitlin,Caitlin@gmail.com,12345678
Arnold,Arnold@gmail.com,12345678
Alexi,Alexi@gmail.com,12345678
Luis,Luis@gmail.com,12345678
Niko,Niko@gmail.com,12345678
Destany,Destany@gmail.com,12345678
Jeanette,Jeanette@gmail.com,12345678
Roxanne,Roxanne@gmail.com,12345678
Devin,Devin@gmail.com,12345678
Brittany,Brittany@gmail.com,12345678
Ashton,Ashton@gmail.com,12345678
Alysa,Alysa@gmail.com,12345678
Halee,Halee@gmail.com,12345678
Celina,Celina@gmail.com,12345678
Sommer,Sommer@gmail.com,12345678
Gabriel,Gabriel@gmail.com,12345678
Madyson,Madyson@gmail.com,12345678
Nallely,Nallely@gmail.com,12345678
Tori,Tori@gmail.com,12345678
Aspen,Aspen@gmail.com,12345678
Bryan,Bryan@gmail.com,12345678
Drake,Drake@gmail.com,12345678
Bryon,Bryon@gmail.com,12345678
Caitlynn,Caitlynn@gmail.com,12345678
Allison,Allison@gmail.com,12345678
Brandon,Brandon@gmail.com,12345678
Nataly,Nataly@gmail.com,12345678
Seamus,Seamus@gmail.com,12345678
Max,Max@gmail.com,12345678
Bret,Bret@gmail.com,12345678
Keona,Keona@gmail.com,12345678
Tatiyana,Tatiyana@gmail.com,12345678
Dante,Dante@gmail.com,12345678
Angelo,Angelo@gmail.com,12345678
Presley,Presley@gmail.com,12345678
Annelise,Annelise@gmail.com,12345678
Lucille,Lucille@gmail.com,12345678
Hector,Hector@gmail.com,12345678
Abel,Abel@gmail.com,12345678
Tristian,Tristian@gmail.com,12345678
Frederick,Frederick@gmail.com,12345678
Gladys,Gladys@gmail.com,12345678
Gwendolyn,Gwendolyn@gmail.com,12345678
Graham,Graham@gmail.com,12345678
Grady,Grady@gmail.com,12345678
Lindsay,Lindsay@gmail.com,12345678
Cherokee,Cherokee@gmail.com,12345678
Pedro,Pedro@gmail.com,12345678
Aubrey,Aubrey@gmail.com,12345678
Lanie,Lanie@gmail.com,12345678
Alijah,Alijah@gmail.com,12345678
Clare,Clare@gmail.com,12345678
Anita,Anita@gmail.com,12345678
Carly,Carly@gmail.com,12345678
Rowan,Rowan@gmail.com,12345678
Shemar,Shemar@gmail.com,12345678
Blake,Blake@gmail.com,12345678
Jorden,Jorden@gmail.com,12345678
Osvaldo,Osvaldo@gmail.com,12345678
Priscilla,Priscilla@gmail.com,12345678
Christin,Christin@gmail.com,12345678
Austen,Austen@gmail.com,12345678
Shaniya,Shaniya@gmail.com,12345678
Tasia,Tasia@gmail.com,12345678
Dora,Dora@gmail.com,12345678
Tessa,Tessa@gmail.com,12345678
Ernesto,Ernesto@gmail.com,12345678
Leslie,Leslie@gmail.com,12345678
Priscila,Priscila@gmail.com,12345678
Jakob,Jakob@gmail.com,12345678
Thalia,Thalia@gmail.com,12345678
Jair,Jair@gmail.com,12345678
Gustavo,Gustavo@gmail.com,12345678
Damon,Damon@gmail.com,12345678
Itzel,Itzel@gmail.com,12345678
Katelin,Katelin@gmail.com,12345678
Alexandria,Alexandria@gmail.com,12345678
Samson,Samson@gmail.com,12345678
Cedrick,Cedrick@gmail.com,12345678
Lacie,Lacie@gmail.com,12345678
Chantel,Chantel@gmail.com,12345678
Kaley,Kaley@gmail.com,12345678
Maurice,Maurice@gmail.com,12345678
Dimitri,Dimitri@gmail.com,12345678
Cade,Cade@gmail.com,12345678
Julia,Julia@gmail.com,12345678
Chaz,Chaz@gmail.com,12345678
Kenia,Kenia@gmail.com,12345678
Demarcus,Demarcus@gmail.com,12345678
Trey,Trey@gmail.com,12345678
Emely,Emely@gmail.com,12345678
Dorien,Dorien@gmail.com,12345678
Cameron,Cameron@gmail.com,12345678
Vicente,Vicente@gmail.com,12345678
Dina,Dina@gmail.com,12345678
Maria,Maria@gmail.com,12345678
Rita,Rita@gmail.com,12345678
Davis,Davis@gmail.com,12345678
Angelique,Angelique@gmail.com,12345678
Sammy,Sammy@gmail.com,12345678
Justice,Justice@gmail.com,12345678
Willie,Willie@gmail.com,12345678
Iman,Iman@gmail.com,12345678
Jordi,Jordi@gmail.com,12345678
Nash,Nash@gmail.com,12345678
Jermaine,Jermaine@gmail.com,12345678
Kaitlynn,Kaitlynn@gmail.com,12345678
Maxim,Maxim@gmail.com,12345678
Jaydon,Jaydon@gmail.com,12345678
Desirae,Desirae@gmail.com,12345678
Talia,Talia@gmail.com,12345678
Malorie,Malorie@gmail.com,12345678
Amya,Amya@gmail.com,12345678
Tyrone,Tyrone@gmail.com,12345678
Darien,Darien@gmail.com,12345678
Jenna,Jenna@gmail.com,12345678
Hannah,Hannah@gmail.com,12345678
Ella,Ella@gmail.com,12345678
Salma,Salma@gmail.com,12345678
Theodore,Theodore@gmail.com,12345678
Antwan,Antwan@gmail.com,12345678
Raymond,Raymond@gmail.com,12345678
Maricela,Maricela@gmail.com,12345678
Evan,Evan@gmail.com,12345678
Emily,Emily@gmail.com,12345678
Anton,Anton@gmail.com,12345678
Lazaro,Lazaro@gmail.com,12345678
Kelley,Kelley@gmail.com,12345678
Louis,Louis@gmail.com,12345678
Esmeralda,Esmeralda@gmail.com,12345678
Sasha,Sasha@gmail.com,12345678
Griffin,Griffin@gmail.com,12345678
Kerry,Kerry@gmail.com,12345678
Arron,Arron@gmail.com,12345678
Valeria,Valeria@gmail.com,12345678
Jessalyn,Jessalyn@gmail.com,12345678
Luther,Luther@gmail.com,12345678
Kayla,Kayla@gmail.com,12345678
Tucker,Tucker@gmail.com,12345678
Jazmyne,Jazmyne@gmail.com,12345678
Alexander,Alexander@gmail.com,12345678
Deana,Deana@gmail.com,12345678
Kendyl,Kendyl@gmail.com,12345678
Lamont,Lamont@gmail.com,12345678
Katia,Katia@gmail.com,12345678
Jarrod,Jarrod@gmail.com,12345678
Braedon,Braedon@gmail.com,12345678
Jennie,Jennie@gmail.com,12345678
Jena,Jena@gmail.com,12345678
Jaycee,Jaycee@gmail.com,12345678
Nyla,Nyla@gmail.com,12345678
John,John@gmail.com,12345678
Jarrett,Jarrett@gmail.com,12345678
Carolyn,Carolyn@gmail.com,12345678
Javon,Javon@gmail.com,12345678
Quinn,Quinn@gmail.com,12345678
Jayce,Jayce@gmail.com,12345678
Nicolette,Nicolette@gmail.com,12345678
Cielo,Cielo@gmail.com,12345678
Simon,Simon@gmail.com,12345678
Julie,Julie@gmail.com,12345678
Trever,Trever@gmail.com,12345678
Quinten,Quinten@gmail.com,12345678
Shantel,Shantel@gmail.com,12345678
Bradford,Bradford@gmail.com,12345678
Marshall,Marshall@gmail.com,12345678
Rolando,Rolando@gmail.com,12345678
Tammy,Tammy@gmail.com,12345678
Kristi,Kristi@gmail.com,12345678
Mariam,Mariam@gmail.com,12345678
Keara,Keara@gmail.com,12345678
Rosa,Rosa@gmail.com,12345678
Fabiola,Fabiola@gmail.com,12345678
Brad,Brad@gmail.com,12345678
Kaiya,Kaiya@gmail.com,12345678
Jaime,Jaime@gmail.com,12345678
Kelli,Kelli@gmail.com,12345678
Kacey,Kacey@gmail.com,12345678
Shelton,Shelton@gmail.com,12345678
Amos,Amos@gmail.com,12345678
Claudio,Claudio@gmail.com,12345678
Demond,Demond@gmail.com,12345678
Britany,Britany@gmail.com,12345678
Babygirl,Babygirl@gmail.com,12345678
Destinie,Destinie@gmail.com,12345678
Deshawn,Deshawn@gmail.com,12345678
Sterling,Sterling@gmail.com,12345678
Gretchen,Gretchen@gmail.com,12345678
Francis,Francis@gmail.com,12345678
America,America@gmail.com,12345678
Blair,Blair@gmail.com,12345678
Alanna,Alanna@gmail.com,12345678
Aryanna,Aryanna@gmail.com,12345678
Joaquin,Joaquin@gmail.com,12345678
Divya,Divya@gmail.com,12345678
Milton,Milton@gmail.com,12345678
Nathen,Nathen@gmail.com,12345678
Charlene,Charlene@gmail.com,12345678
Norman,Norman@gmail.com,12345678
Michael,Michael@gmail.com,12345678
Janice,Janice@gmail.com,12345678
Selah,Selah@gmail.com,12345678
Chyanne,Chyanne@gmail.com,12345678
Lyle,Lyle@gmail.com,12345678
Annika,Annika@gmail.com,12345678
Kelly,Kelly@gmail.com,12345678
Kiersten,Kiersten@gmail.com,12345678
Mohammad,Mohammad@gmail.com,12345678
Jadon,Jadon@gmail.com,12345678
Bruno,Bruno@gmail.com,12345678
Alfredo,Alfredo@gmail.com,12345678
Baby,Baby@gmail.com,12345678
Lilliana,Lilliana@gmail.com,12345678
Tyler,Tyler@gmail.com,12345678
Shannon,Shannon@gmail.com,12345678
Raphael,Raphael@gmail.com,12345678
Ashely,Ashely@gmail.com,12345678
Caitlyn,Caitlyn@gmail.com,12345678
Aron,Aron@gmail.com,12345678
Kimberly,Kimberly@gmail.com,12345678
Kenna,Kenna@gmail.com,12345678
Devyn,Devyn@gmail.com,12345678
Nehemiah,Nehemiah@gmail.com,12345678
Garrison,Garrison@gmail.com,12345678
Tyree,Tyree@gmail.com,12345678
Kareem,Kareem@gmail.com,12345678
Daphne,Daphne@gmail.com,12345678
Tiffany,Tiffany@gmail.com,12345678
Brett,Brett@gmail.com,12345678
Helena,Helena@gmail.com,12345678
Dayna,Dayna@gmail.com,12345678
Terra,Terra@gmail.com,12345678
Elvis,Elvis@gmail.com,12345678
Tristen,Tristen@gmail.com,12345678
Alisha,Alisha@gmail.com,12345678
Angelina,Angelina@gmail.com,12345678
Jerry,Jerry@gmail.com,12345678
Annamarie,Annamarie@gmail.com,12345678
Gianni,Gianni@gmail.com,12345678
Jaquan,Jaquan@gmail.com,12345678
Marla,Marla@gmail.com,12345678
Drew,Drew@gmail.com,12345678
Karlee,Karlee@gmail.com,12345678
Demarco,Demarco@gmail.com,12345678
Adelaide,Adelaide@gmail.com,12345678
Jonathon,Jonathon@gmail.com,12345678
Micaela,Micaela@gmail.com,12345678
Morgan,Morgan@gmail.com,12345678
Belinda,Belinda@gmail.com,12345678
Dominique,Dominique@gmail.com,12345678
Marcos,Marcos@gmail.com,12345678
Kim,Kim@gmail.com,12345678
Joshua,Joshua@gmail.com,12345678
Kaylea,Kaylea@gmail.com,12345678
Keagan,Keagan@gmail.com,12345678
Ilana,Ilana@gmail.com,12345678
Kade,Kade@gmail.com,12345678
Kristin,Kristin@gmail.com,12345678
Dionte,Dionte@gmail.com,12345678
Thomas,Thomas@gmail.com,12345678
Cedric,Cedric@gmail.com,12345678
Giovanni,Giovanni@gmail.com,12345678
Clifton,Clifton@gmail.com,12345678
Ivory,Ivory@gmail.com,12345678
Elena,Elena@gmail.com,12345678
Adela,Adela@gmail.com,12345678
Laci,Laci@gmail.com,12345678
Santana,Santana@gmail.com,12345678
Elmer,Elmer@gmail.com,12345678
Leo,Leo@gmail.com,12345678
Chandler,Chandler@gmail.com,12345678
Abraham,Abraham@gmail.com,12345678
Shaelyn,Shaelyn@gmail.com,12345678
Darrian,Darrian@gmail.com,12345678
Helen,Helen@gmail.com,12345678
Leif,Leif@gmail.com,12345678
Olga,Olga@gmail.com,12345678
Frida,Frida@gmail.com,12345678
Kori,Kori@gmail.com,12345678
Asya,Asya@gmail.com,12345678
Brooklyn,Brooklyn@gmail.com,12345678
Moira,Moira@gmail.com,12345678
Nikita,Nikita@gmail.com,12345678
Haylee,Haylee@gmail.com,12345678
Tierra,Tierra@gmail.com,12345678
Lucinda,Lucinda@gmail.com,12345678
Gordon,Gordon@gmail.com,12345678
Abriana,Abriana@gmail.com,12345678
Asa,Asa@gmail.com,12345678
Breanne,Breanne@gmail.com,12345678
Reanna,Reanna@gmail.com,12345678
Sydnee,Sydnee@gmail.com,12345678
Pierre,Pierre@gmail.com,12345678
Ellie,Ellie@gmail.com,12345678
Markel,Markel@gmail.com,12345678
Stewart,Stewart@gmail.com,12345678
Shea,Shea@gmail.com,12345678
Tyasia,Tyasia@gmail.com,12345678
Yehuda,Yehuda@gmail.com,12345678
Shiann,Shiann@gmail.com,12345678
Darrin,Darrin@gmail.com,12345678
Jalyn,Jalyn@gmail.com,12345678
Samira,Samira@gmail.com,12345678
Derrick,Derrick@gmail.com,12345678
Deon,Deon@gmail.com,12345678
Kianna,Kianna@gmail.com,12345678
Branden,Branden@gmail.com,12345678
Chance,Chance@gmail.com,12345678
Bilal,Bilal@gmail.com,12345678
Enzo,Enzo@gmail.com,12345678
Vivian,Vivian@gmail.com,12345678
Neo,Neo@gmail.com,12345678
Sarai,Sarai@gmail.com,12345678
Harvey,Harvey@gmail.com,12345678
Dana,Dana@gmail.com,12345678
Dashaun,Dashaun@gmail.com,12345678
Xiomara,Xiomara@gmail.com,12345678
Zaira,Zaira@gmail.com,12345678
Tionna,Tionna@gmail.com,12345678
Lesli,Lesli@gmail.com,12345678
Ann,Ann@gmail.com,12345678
Amaiya,Amaiya@gmail.com,12345678
Malachi,Malachi@gmail.com,12345678
Paige,Paige@gmail.com,12345678
Emiliano,Emiliano@gmail.com,12345678
Codey,Codey@gmail.com,12345678
Taylor,Taylor@gmail.com,12345678
Zayne,Zayne@gmail.com,12345678
Essence,Essence@gmail.com,12345678
Ibrahim,Ibrahim@gmail.com,12345678
Martha,Martha@gmail.com,12345678
Elise,Elise@gmail.com,12345678
Triniti,Triniti@gmail.com,12345678
Ayleen,Ayleen@gmail.com,12345678
Braden,Braden@gmail.com,12345678
Louie,Louie@gmail.com,12345678
Augustus,Augustus@gmail.com,12345678
Dequan,Dequan@gmail.com,12345678
Deonte,Deonte@gmail.com,12345678
Mariah,Mariah@gmail.com,12345678
Leonel,Leonel@gmail.com,12345678
Cooper,Cooper@gmail.com,12345678
Desire,Desire@gmail.com,12345678
Jovanny,Jovanny@gmail.com,12345678
Gisselle,Gisselle@gmail.com,12345678
Ana,Ana@gmail.com,12345678
Loren,Loren@gmail.com,12345678
Carleigh,Carleigh@gmail.com,12345678
Chester,Chester@gmail.com,12345678
Enoch,Enoch@gmail.com,12345678
Brylee,Brylee@gmail.com,12345678
Juliet,Juliet@gmail.com,12345678
Moshe,Moshe@gmail.com,12345678
Daija,Daija@gmail.com,12345678
Mollie,Mollie@gmail.com,12345678
Asher,Asher@gmail.com,12345678
Konner,Konner@gmail.com,12345678
Jamaal,Jamaal@gmail.com,12345678
Brittney,Brittney@gmail.com,12345678
Anaya,Anaya@gmail.com,12345678
Tavion,Tavion@gmail.com,12345678
Melissa,Melissa@gmail.com,12345678
Elisabeth,Elisabeth@gmail.com,12345678
Jacqueline,Jacqueline@gmail.com,12345678
Iyana,Iyana@gmail.com,12345678
Tasha,Tasha@gmail.com,12345678
June,June@gmail.com,12345678
Arman,Arman@gmail.com,12345678
Terry,Terry@gmail.com,12345678
Roman,Roman@gmail.com,12345678
Demetrius,Demetrius@gmail.com,12345678
Gavyn,Gavyn@gmail.com,12345678
Viridiana,Viridiana@gmail.com,12345678
Giovani,Giovani@gmail.com,12345678
Stuart,Stuart@gmail.com,12345678
Holden,Holden@gmail.com,12345678
Aimee,Aimee@gmail.com,12345678
Vernon,Vernon@gmail.com,12345678
Carson,Carson@gmail.com,12345678
Jacquelin,Jacquelin@gmail.com,12345678
Cloe,Cloe@gmail.com,12345678
Grant,Grant@gmail.com,12345678
Ryley,Ryley@gmail.com,12345678
Mohammed,Mohammed@gmail.com,12345678
Malcolm,Malcolm@gmail.com,12345678
Victor,Victor@gmail.com,12345678
Eliezer,Eliezer@gmail.com,12345678
Desmond,Desmond@gmail.com,12345678
Gunnar,Gunnar@gmail.com,12345678
Belen,Belen@gmail.com,12345678
Jalen,Jalen@gmail.com,12345678
Karley,Karley@gmail.com,12345678
Hillary,Hillary@gmail.com,12345678
Carlie,Carlie@gmail.com,12345678
Krista,Krista@gmail.com,12345678
Tyrese,Tyrese@gmail.com,12345678
Brea,Brea@gmail.com,12345678
Micah,Micah@gmail.com,12345678
Karen,Karen@gmail.com,12345678
Darlene,Darlene@gmail.com,12345678
Oscar,Oscar@gmail.com,12345678
Raheem,Raheem@gmail.com,12345678
Kristine,Kristine@gmail.com,12345678
Kristen,Kristen@gmail.com,12345678
Jazlynn,Jazlynn@gmail.com,12345678
Ethen,Ethen@gmail.com,12345678
Jabari,Jabari@gmail.com,12345678
Alvin,Alvin@gmail.com,12345678
Aja,Aja@gmail.com,12345678
Sequoia,Sequoia@gmail.com,12345678
Vincenzo,Vincenzo@gmail.com,12345678
Khalil,Khalil@gmail.com,12345678
Jillian,Jillian@gmail.com,12345678
Jarett,Jarett@gmail.com,12345678
Shivani,Shivani@gmail.com,12345678
Hollie,Hollie@gmail.com,12345678
Elisa,Elisa@gmail.com,12345678
Ryder,Ryder@gmail.com,12345678
Roland,Roland@gmail.com,12345678
Baylie,Baylie@gmail.com,12345678
Ladarius,Ladarius@gmail.com,12345678
Beverly,Beverly@gmail.com,12345678
Glenn,Glenn@gmail.com,12345678
Peyton,Peyton@gmail.com,12345678
Kaden,Kaden@gmail.com,12345678
Davon,Davon@gmail.com,12345678
Makenzie,Makenzie@gmail.com,12345678
Rochelle,Rochelle@gmail.com,12345678
Colette,Colette@gmail.com,12345678
Kinsley,Kinsley@gmail.com,12345678
Keandre,Keandre@gmail.com,12345678
Hernan,Hernan@gmail.com,12345678
Kaytlin,Kaytlin@gmail.com,12345678
Kobie,Kobie@gmail.com,12345678
Aniyah,Aniyah@gmail.com,12345678
Donte,Donte@gmail.com,12345678
Willis,Willis@gmail.com,12345678
Charity,Charity@gmail.com,12345678
Brayden,Brayden@gmail.com,12345678
Moses,Moses@gmail.com,12345678
Adrian,Adrian@gmail.com,12345678
Jessika,Jessika@gmail.com,12345678
Nikki,Nikki@gmail.com,12345678
Bryanna,Bryanna@gmail.com,12345678
Cheyenne,Cheyenne@gmail.com,12345678
Karime,Karime@gmail.com,12345678
Callie,Callie@gmail.com,12345678
Johnna,Johnna@gmail.com,12345678
Jaiden,Jaiden@gmail.com,12345678
Amiah,Amiah@gmail.com,12345678
Chad,Chad@gmail.com,12345678
Messiah,Messiah@gmail.com,12345678
Braydon,Braydon@gmail.com,12345678
Kamron,Kamron@gmail.com,12345678
Brendan,Brendan@gmail.com,12345678
Sonny,Sonny@gmail.com,12345678
Ramon,Ramon@gmail.com,12345678
Jaidyn,Jaidyn@gmail.com,12345678
Kaeli,Kaeli@gmail.com,12345678
Bethany,Bethany@gmail.com,12345678
Kirk,Kirk@gmail.com,12345678
Dulce,Dulce@gmail.com,12345678
Jarret,Jarret@gmail.com,12345678
Neal,Neal@gmail.com,12345678
Cynthia,Cynthia@gmail.com,12345678
India,India@gmail.com,12345678
Kelton,Kelton@gmail.com,12345678
Stefany,Stefany@gmail.com,12345678
Armando,Armando@gmail.com,12345678
Clark,Clark@gmail.com,12345678
Andres,Andres@gmail.com,12345678
Denzel,Denzel@gmail.com,12345678
Roger,Roger@gmail.com,12345678
Lila,Lila@gmail.com,12345678
Dakoda,Dakoda@gmail.com,12345678
Justina,Justina@gmail.com,12345678
Clint,Clint@gmail.com,12345678
Chancellor,Chancellor@gmail.com,12345678
Edwin,Edwin@gmail.com,12345678
Christiana,Christiana@gmail.com,12345678
Theresa,Theresa@gmail.com,12345678
Marie,Marie@gmail.com,12345678
Jevon,Jevon@gmail.com,12345678
Alecia,Alecia@gmail.com,12345678
Reilly,Reilly@gmail.com,12345678
Lara,Lara@gmail.com,12345678
Celeste,Celeste@gmail.com,12345678
Armani,Armani@gmail.com,12345678
Averie,Averie@gmail.com,12345678
Adriel,Adriel@gmail.com,12345678
Notnamed,Notnamed@gmail.com,12345678
Kenyon,Kenyon@gmail.com,12345678
Estrella,Estrella@gmail.com,12345678
Aylin,Aylin@gmail.com,12345678
Jaila,Jaila@gmail.com,12345678
Tess,Tess@gmail.com,12345678
Kai,Kai@gmail.com,12345678
Rohan,Rohan@gmail.com,12345678
Rodrigo,Rodrigo@gmail.com,12345678
Harper,Harper@gmail.com,12345678
Nadia,Nadia@gmail.com,12345678
Mckinley,Mckinley@gmail.com,12345678
Adriana,Adriana@gmail.com,12345678
Deandre,Deandre@gmail.com,12345678
Nasir,Nasir@gmail.com,12345678
Kieran,Kieran@gmail.com,12345678
Leonard,Leonard@gmail.com,12345678
Saul,Saul@gmail.com,12345678
Bruce,Bruce@gmail.com,12345678
Andrew,Andrew@gmail.com,12345678
Marianne,Marianne@gmail.com,12345678
Kendal,Kendal@gmail.com,12345678
Lea,Lea@gmail.com,12345678
Kent,Kent@gmail.com,12345678
Gonzalo,Gonzalo@gmail.com,12345678
Agustin,Agustin@gmail.com,12345678
Arlene,Arlene@gmail.com,12345678
Anastasia,Anastasia@gmail.com,12345678
Landen,Landen@gmail.com,12345678
Griselda,Griselda@gmail.com,12345678
Dewayne,Dewayne@gmail.com,12345678
Julio,Julio@gmail.com,12345678
Jaelynn,Jaelynn@gmail.com,12345678
Linnea,Linnea@gmail.com,12345678
Johnnie,Johnnie@gmail.com,12345678
Noelia,Noelia@gmail.com,12345678
Aileen,Aileen@gmail.com,12345678
Katarina,Katarina@gmail.com,12345678
Lizet,Lizet@gmail.com,12345678
Dashawn,Dashawn@gmail.com,12345678
Abagail,Abagail@gmail.com,12345678
Noemi,Noemi@gmail.com,12345678
Ronaldo,Ronaldo@gmail.com,12345678
Mikaela,Mikaela@gmail.com,12345678
Ayesha,Ayesha@gmail.com,12345678
Ximena,Ximena@gmail.com,12345678
Antoinette,Antoinette@gmail.com,12345678
Robin,Robin@gmail.com,12345678
Micayla,Micayla@gmail.com,12345678
Holly,Holly@gmail.com,12345678
Kristopher,Kristopher@gmail.com,12345678
Dayanara,Dayanara@gmail.com,12345678
Wesley,Wesley@gmail.com,12345678
Chelsea,Chelsea@gmail.com,12345678
Leila,Leila@gmail.com,12345678
Tatianna,Tatianna@gmail.com,12345678
Kearra,Kearra@gmail.com,12345678
Roxana,Roxana@gmail.com,12345678
Randall,Randall@gmail.com,12345678
Annalisa,Annalisa@gmail.com,12345678
Cora,Cora@gmail.com,12345678
Trenton,Trenton@gmail.com,12345678
Alia,Alia@gmail.com,12345678